product_id,product_name,category,list_price,unit_cost,launch_date
5001,NovaMart FACI-5001,Facility MRO,189.58,121.17,2024-03-28
5002,NovaMart INDU-5002,Industrial Supplies,32.02,23.78,2024-04-16
5003,NovaMart INDU-5003,Industrial Supplies,132.72,204.19,2021-04-07
5004,NovaMart FACI-5004,Facility MRO,117.98,75.77,2022-11-06
5005,NovaMart PACK-5005,Packaging,152.1,102.4,2025-01-02
5006,NovaMart FACI-5006,Facility MRO,117.97,78.01,2024-10-14
5007,NovaMart CLEA-5007,Cleanroom Consumables,99.66,72.39,2022-08-15
5008,NovaMart PACK-5008,Packaging,$506.30,362.49,2022-02-05
5009,NovaMart CLEA-5009,Cleanroom Consumables,338.81,248.01,2025-08-15
5010,NovaMart FACI-5010,Facility MRO,94.5,59.87,2023-06-10
5011,NovaMart PACK-5011,Packaging,512.48,349.76,2022-10-26
5012,NovaMart PACK-5012,Packaging,443.19,292.16,2023-11-23
5013,NovaMart INDU-5013,Industrial Supplies,151.73,109.38,2024-10-17
5014,NovaMart SAFE-5014,Safety Equipment,348.61,266.3,2024-09-06
5015,NovaMart PACK-5015,Packaging,-15.0,282.93,2023-09-23
5016,NovaMart SAFE-5016,Safety Equipment,430.37,341.14,2021-11-13
5017,NovaMart SAFE-5017,Safety Equipment,261.62,185.24,2023-11-12
5018,NovaMart CLEA-5018,Cleanroom Consumables,434.95,264.51,2021-11-02
5019,NovaMart PACK-5019,Packaging,551.38,346.84,2021-02-18
5020,NovaMart INDU-5020,Industrial Supplies,363.71,287.65,2024-06-28
5021,NovaMart PACK-5021,Packaging,76.39,53.03,2022-05-27
5022,NovaMart SAFE-5022,Safety Equipment,98.42,74.17,2025-05-02
5023,NovaMart CLEA-5023,Cleanroom Consumables,$354.59,279.38,2021-01-28
5024,NovaMart FACI-5024,Facility MRO,50.23,38.25,2022-10-05
5025,NovaMart SAFE-5025,Safety Equipment,59.15,45.2,2025-09-12
5026,NovaMart FACI-5026,Facility MRO,360.25,273.72,2025-05-24
5027,NovaMart SAFE-5027,Safety Equipment,336.07,212.35,2023-02-03
5028,NovaMart SAFE-5028,Safety Equipment,547.19,365.55,2022-12-19
5029,NovaMart FACI-5029,Facility MRO,249.46,187.69,2022-07-19
5030,NovaMart SAFE-5030,Safety Equipment,106.75,83.49,2024-07-28
5031,NovaMart INDU-5031,Industrial Supplies,231.71,150.31,2023-07-20
5032,NovaMart FACI-5032,Facility MRO,299.4,204.68,2021-08-05
5033,NovaMart FACI-5033,Facility MRO,202.38,133.85,2023-04-23
5034,NovaMart INDU-5034,Industrial Supplies,560.95,371.37,2023-04-21
5035,NovaMart SAFE-5035,Safety Equipment,69.3,54.25,2024-12-23
5036,NovaMart PACK-5036,Packaging,72.71,55.86,2023-10-11
5037,NovaMart PACK-5037,Packaging,412.65,325.11,2021-03-13
5038,NovaMart SAFE-5038,Safety Equipment,132.51,98.24,2024-08-20
5039,NovaMart SAFE-5039,Safety Equipment,171.66,111.91,2024-10-01
5040,NovaMart PACK-5040,Packaging,476.88,368.51,2024-09-14
5041,NovaMart SAFE-5041,Safety Equipment,64.48,47.37,2025-05-09
5042,NovaMart CLEA-5042,Cleanroom Consumables,86.29,62.35,2024-09-18
5043,NovaMart SAFE-5043,Safety Equipment,531.91,342.19,2025-03-29
5044,NovaMart INDU-5044,Industrial Supplies,192.2,127.52,2025-07-25
5045,NovaMart PACK-5045,Packaging,111.86,67.92,2022-07-15
5046,NovaMart INDU-5046,Industrial Supplies,18.46,13.28,2023-07-24
5047,NovaMart INDU-5047,Industrial Supplies,334.76,248.74,2022-11-28
5048,NovaMart SAFE-5048,Safety Equipment,397.89,274.21,2022-09-13
5049,NovaMart SAFE-5049,Safety Equipment,323.57,237.84,2024-09-30
5050,NovaMart FACI-5050,Facility MRO,376.13,255.63,2025-04-17
5051,NovaMart PACK-5051,Packaging,229.6,142.65,2022-08-26
5052,NovaMart SAFE-5052,Safety Equipment,361.98,269.54,2025-02-23
5053,NovaMart CLEA-5053,Cleanroom Consumables,405.15,285.91,2025-03-20
5054,NovaMart FACI-5054,Facility MRO,525.99,359.11,2021-07-14
5055,NovaMart INDU-5055,Industrial Supplies,38.45,27.46,2022-02-23
5056,NovaMart PACK-5056,Packaging,233.93,184.97,2024-12-09
5057,NovaMart FACI-5057,Facility MRO,160.08,105.83,2021-08-24
5058,NovaMart FACI-5058,Facility MRO,38.52,23.99,2022-07-12
5059,NovaMart SAFE-5059,Safety Equipment,267.22,187.82,2021-07-17
5060,NovaMart PACK-5060,Packaging,141.82,95.05,2022-01-03
5061,NovaMart CLEA-5061,Cleanroom Consumables,466.72,370.69,2022-12-28
5062,NovaMart INDU-5062,Industrial Supplies,304.66,224.72,2025-04-03
5063,NovaMart CLEA-5063,Cleanroom Consumables,439.43,282.55,2023-11-17
5064,NovaMart SAFE-5064,Safety Equipment,211.93,147.19,2023-03-17
5065,NovaMart CLEA-5065,Cleanroom Consumables,157.93,115.14,2022-07-23
5066,NovaMart INDU-5066,Industrial Supplies,559.29,375.89,2023-09-23
5067,NovaMart CLEA-5067,Cleanroom Consumables,314.82,225.99,2021-11-16
5068,NovaMart PACK-5068,Packaging,43.93,33.14,2022-06-09
5069,NovaMart INDU-5069,Industrial Supplies,295.8,208.62,2024-05-06
5070,NovaMart CLEA-5070,Cleanroom Consumables,407.88,304.69,2024-10-13
5071,NovaMart FACI-5071,Facility MRO,52.73,32.62,2024-11-09
5072,NovaMart PACK-5072,Packaging,499.44,374.75,2024-06-11
5073,NovaMart FACI-5073,Facility MRO,393.37,261.88,2021-02-26
5074,NovaMart SAFE-5074,Safety Equipment,418.13,257.86,2024-10-19
5075,NovaMart CLEA-5075,Cleanroom Consumables,113.66,73.64,2025-05-12
5076,NovaMart CLEA-5076,Cleanroom Consumables,531.11,354.68,2023-06-27
5077,NovaMart FACI-5077,Facility MRO,116.63,84.85,2023-01-26
5078,NovaMart FACI-5078,Facility MRO,22.64,16.11,2025-08-20
5079,NovaMart PACK-5079,Packaging,297.41,216.82,2021-05-05
5080,NovaMart INDU-5080,Industrial Supplies,229.96,163.56,2022-08-28
5081,NovaMart PACK-5081,Packaging,416.31,324.84,2021-08-14
5082,NovaMart CLEA-5082,Cleanroom Consumables,462.41,350.77,2022-09-20
5083,NovaMart FACI-5083,Facility MRO,401.36,246.39,2022-12-03
5084,NovaMart CLEA-5084,Cleanroom Consumables,462.29,355.13,2021-06-25
5085,NovaMart SAFE-5085,Safety Equipment,499.02,349.26,2022-08-07
5086,NovaMart PACK-5086,Packaging,602.82,373.89,2021-05-11
5087,NovaMart INDU-5087,Industrial Supplies,50.48,40.32,2023-10-12
5088,NovaMart SAFE-5088,Safety Equipment,325.49,221.16,2023-02-18
5089,NovaMart SAFE-5089,Safety Equipment,192.71,120.57,2022-07-28
5090,NovaMart SAFE-5090,Safety Equipment,84.85,58.82,2024-01-28
5091,NovaMart SAFE-5091,Safety Equipment,39.1,25.3,2025-02-15
5092,NovaMart FACI-5092,Facility MRO,99.44,77.68,2022-03-08
5093,NovaMart SAFE-5093,Safety Equipment,177.82,140.89,2021-10-15
5094,NovaMart FACI-5094,Facility MRO,115.17,76.66,2022-04-13
5095,NovaMart CLEA-5095,Cleanroom Consumables,374.88,244.34,2023-12-07
5096,NovaMart PACK-5096,Packaging,239.52,153.09,2025-09-20
5097,NovaMart SAFE-5097,Safety Equipment,67.43,42.71,2023-10-25
5098,NovaMart SAFE-5098,Safety Equipment,535.51,350.27,2024-06-16
5099,NovaMart CLEA-5099,Cleanroom Consumables,564.3,365.05,2024-11-08
5100,NovaMart INDU-5100,Industrial Supplies,490.28,340.86,2023-10-22
5101,NovaMart INDU-5101,Industrial Supplies,468.89,304.94,2024-09-28
5102,NovaMart CLEA-5102,Cleanroom Consumables,27.69,17.3,2024-09-02
5103,NovaMart INDU-5103,Industrial Supplies,285.95,213.63,2022-11-09
5104,NovaMart PACK-5104,Packaging,133.54,99.9,2021-03-19
5105,NovaMart FACI-5105,Facility MRO,318.4,213.4,2022-07-17
5106,NovaMart PACK-5106,Packaging,479.01,298.35,2025-04-19
5107,NovaMart SAFE-5107,Safety Equipment,428.49,281.59,2024-08-18
5108,NovaMart PACK-5108,Packaging,91.82,64.7,2022-08-05
5109,NovaMart CLEA-5109,Cleanroom Consumables,520.08,337.87,2023-06-23
5110,NovaMart SAFE-5110,Safety Equipment,182.14,121.29,2024-10-03
5111,NovaMart SAFE-5111,Safety Equipment,196.02,150.4,2023-09-19
5112,NovaMart INDU-5112,Industrial Supplies,179.02,142.42,2025-05-28
5113,NovaMart PACK-5113,Packaging,492.18,370.91,2023-03-27
5114,NovaMart SAFE-5114,Safety Equipment,291.55,224.71,2021-06-17
5115,NovaMart PACK-5115,Packaging,457.74,357.5,2024-11-03
5116,NovaMart FACI-5116,Facility MRO,571.7,352.36,2023-11-26
5117,NovaMart SAFE-5117,Safety Equipment,197.25,146.25,2023-04-14
5118,NovaMart FACI-5118,Facility MRO,262.01,188.64,2023-03-24
5119,NovaMart CLEA-5119,Cleanroom Consumables,209.62,153.41,2021-04-19
5120,NovaMart CLEA-5120,Cleanroom Consumables,39.84,27.68,2025-02-03
5121,NovaMart PACK-5121,Packaging,537.93,370.72,2022-08-08
5122,NovaMart INDU-5122,Industrial Supplies,442.14,326.32,2023-10-16
5123,NovaMart PACK-5123,Packaging,31.54,24.8,2024-04-03
5124,NovaMart INDU-5124,Industrial Supplies,146.95,113.79,2022-03-12
5125,NovaMart PACK-5125,Packaging,91.36,71.32,2022-05-21
5126,NovaMart FACI-5126,Facility MRO,511.09,350.67,2022-10-17
5127,NovaMart CLEA-5127,Cleanroom Consumables,59.85,38.19,2025-03-10
5128,NovaMart INDU-5128,Industrial Supplies,486.87,315.78,2021-01-30
5129,NovaMart FACI-5129,Facility MRO,358.1,240.5,2021-10-25
5130,NovaMart PACK-5130,Packaging,373.95,232.67,2022-08-09
5131,NovaMart CLEA-5131,Cleanroom Consumables,155.66,114.18,2024-09-29
5132,NovaMart SAFE-5132,Safety Equipment,356.99,232.67,2025-05-12
5133,NovaMart PACK-5133,Packaging,365.85,253.21,2025-02-14
5134,NovaMart CLEA-5134,Cleanroom Consumables,424.16,263.13,2024-11-17
5135,NovaMart SAFE-5135,Safety Equipment,234.5,185.5,2022-08-31
5136,NovaMart INDU-5136,Industrial Supplies,93.21,69.43,2022-05-29
5137,NovaMart FACI-5137,Facility MRO,404.07,276.11,2022-11-02
5138,NovaMart SAFE-5138,Safety Equipment,507.63,365.68,2024-02-03
5139,NovaMart CLEA-5139,Cleanroom Consumables,536.26,330.6,2023-08-15
5140,NovaMart INDU-5140,Industrial Supplies,122.0,84.01,2024-05-24
5141,NovaMart INDU-5141,Industrial Supplies,154.39,104.5,2023-01-22
5142,NovaMart INDU-5142,Industrial Supplies,491.12,335.73,2024-05-29
5143,NovaMart PACK-5143,Packaging,493.41,308.69,2023-02-08
5144,NovaMart FACI-5144,Facility MRO,139.0,94.14,2024-03-17
5145,NovaMart SAFE-5145,Safety Equipment,124.31,82.07,2021-12-03
5146,NovaMart FACI-5146,Facility MRO,380.83,249.56,2023-06-22
5147,NovaMart FACI-5147,Facility MRO,375.75,295.27,2023-12-24
5148,NovaMart PACK-5148,Packaging,531.18,332.69,2021-12-24
5149,NovaMart FACI-5149,Facility MRO,368.0,267.32,2023-03-10
5150,NovaMart SAFE-5150,Safety Equipment,362.35,253.64,2023-01-03
5151,NovaMart PACK-5151,Packaging,85.6,56.6,2025-01-22
5152,NovaMart SAFE-5152,Safety Equipment,59.4,40.68,2024-06-27
5153,NovaMart SAFE-5153,Safety Equipment,508.26,379.9,2021-02-12
5154,NovaMart CLEA-5154,Cleanroom Consumables,162.83,129.99,2025-07-06
5155,NovaMart FACI-5155,Facility MRO,576.63,354.78,2024-05-09
5156,NovaMart CLEA-5156,Cleanroom Consumables,24.67,17.57,2023-05-15
5157,NovaMart PACK-5157,Packaging,96.11,71.56,2022-10-13
5158,NovaMart PACK-5158,Packaging,460.47,352.85,2024-05-28
5159,NovaMart CLEA-5159,Cleanroom Consumables,36.12,23.89,2023-04-18
5160,NovaMart PACK-5160,Packaging,327.66,199.93,2021-03-15
5161,NovaMart FACI-5161,Facility MRO,430.13,336.57,2021-02-26
5162,NovaMart SAFE-5162,Safety Equipment,171.97,120.79,2023-03-08
5163,NovaMart SAFE-5163,Safety Equipment,155.5,104.72,2021-05-09
5164,NovaMart SAFE-5164,Safety Equipment,435.26,326.08,2022-12-17
5165,NovaMart INDU-5165,Industrial Supplies,136.24,98.83,2023-07-10
5166,NovaMart FACI-5166,Facility MRO,222.31,162.08,2023-08-09
5167,NovaMart SAFE-5167,Safety Equipment,262.15,185.7,2022-09-14
5168,NovaMart INDU-5168,Industrial Supplies,504.01,377.02,2025-01-14
5169,NovaMart PACK-5169,Packaging,141.89,96.36,2021-05-14
5170,NovaMart CLEA-5170,Cleanroom Consumables,24.76,17.38,2024-10-16
5171,NovaMart CLEA-5171,Cleanroom Consumables,447.34,337.84,2024-10-10
5172,NovaMart INDU-5172,Industrial Supplies,487.46,303.03,2025-02-19
5173,NovaMart PACK-5173,Packaging,305.83,223.15,2021-09-12
5174,NovaMart PACK-5174,Packaging,371.81,253.88,2025-05-21
5175,NovaMart FACI-5175,Facility MRO,480.37,366.24,2025-05-29
5176,NovaMart CLEA-5176,Cleanroom Consumables,77.85,58.33,2025-06-02
5177,NovaMart FACI-5177,Facility MRO,244.46,173.97,2021-10-25
5178,NovaMart INDU-5178,Industrial Supplies,360.19,230.36,2025-07-09
5179,NovaMart FACI-5179,Facility MRO,243.24,183.08,2022-02-06
5180,NovaMart CLEA-5180,Cleanroom Consumables,310.68,240.86,2024-01-26
5181,NovaMart PACK-5181,Packaging,435.96,343.24,2021-03-03
5182,NovaMart INDU-5182,Industrial Supplies,327.84,261.85,2024-05-18
5183,NovaMart SAFE-5183,Safety Equipment,531.94,343.36,2023-06-26
5184,NovaMart FACI-5184,Facility MRO,553.14,339.73,2022-11-11
5185,NovaMart SAFE-5185,Safety Equipment,357.33,270.43,2021-08-16
5186,NovaMart INDU-5186,Industrial Supplies,102.62,76.92,2024-06-16
5187,NovaMart CLEA-5187,Cleanroom Consumables,204.94,161.85,2022-08-15
5188,NovaMart INDU-5188,Industrial Supplies,500.67,368.67,2021-03-05
5189,NovaMart FACI-5189,Facility MRO,520.93,343.06,2022-04-30
5190,NovaMart INDU-5190,Industrial Supplies,158.18,100.72,2021-05-30
5191,NovaMart CLEA-5191,Cleanroom Consumables,250.6,157.68,2024-10-05
5192,NovaMart FACI-5192,Facility MRO,240.63,145.94,2023-06-03
5193,NovaMart INDU-5193,Industrial Supplies,429.84,276.38,2023-07-13
5194,NovaMart CLEA-5194,Cleanroom Consumables,109.38,79.94,2021-05-19
5195,NovaMart INDU-5195,Industrial Supplies,99.55,75.44,2022-08-04
5196,NovaMart CLEA-5196,Cleanroom Consumables,326.29,249.09,2024-07-05
5197,NovaMart FACI-5197,Facility MRO,303.62,240.49,2022-02-23
5198,NovaMart CLEA-5198,Cleanroom Consumables,241.13,174.55,2021-04-02
5199,NovaMart FACI-5199,Facility MRO,146.28,92.2,2025-04-02
5200,NovaMart PACK-5200,Packaging,138.86,104.59,2022-07-06
5201,NovaMart SAFE-5201,Safety Equipment,119.5,87.0,2022-01-12
5202,NovaMart SAFE-5202,Safety Equipment,39.84,24.98,2022-02-08
5203,NovaMart FACI-5203,Facility MRO,293.01,182.06,2022-09-27
5204,NovaMart FACI-5204,Facility MRO,254.99,200.88,2025-01-22
5205,NovaMart PACK-5205,Packaging,75.03,50.95,2024-01-28
5206,NovaMart FACI-5206,Facility MRO,301.86,217.87,2022-02-05
5207,NovaMart FACI-5207,Facility MRO,175.35,111.26,2024-10-03
5208,NovaMart FACI-5208,Facility MRO,167.91,110.2,2023-08-23
5209,NovaMart CLEA-5209,Cleanroom Consumables,71.03,43.31,2025-01-19
5210,NovaMart PACK-5210,Packaging,77.46,57.52,2024-01-12
5211,NovaMart PACK-5211,Packaging,459.18,349.52,2022-07-19
5212,NovaMart FACI-5212,Facility MRO,456.24,345.73,2021-03-09
5213,NovaMart SAFE-5213,Safety Equipment,458.93,301.47,2021-07-01
5214,NovaMart FACI-5214,Facility MRO,489.79,356.41,2023-04-05
5215,NovaMart CLEA-5215,Cleanroom Consumables,86.73,66.19,2023-02-13
5216,NovaMart CLEA-5216,Cleanroom Consumables,525.35,372.54,2021-09-29
5217,NovaMart INDU-5217,Industrial Supplies,50.53,36.2,2021-07-27
5218,NovaMart SAFE-5218,Safety Equipment,484.56,321.78,2022-10-02
5219,NovaMart INDU-5219,Industrial Supplies,120.98,75.34,2023-07-08
5220,NovaMart FACI-5220,Facility MRO,227.58,140.92,2021-01-28
5221,NovaMart INDU-5221,Industrial Supplies,331.16,201.6,2022-07-03
5222,NovaMart FACI-5222,Facility MRO,212.44,135.63,2024-06-27
5223,NovaMart FACI-5223,Facility MRO,517.21,350.3,2021-03-11
5224,NovaMart SAFE-5224,Safety Equipment,334.0,252.37,2024-04-28
5225,NovaMart INDU-5225,Industrial Supplies,100.39,68.6,2023-01-20
5226,NovaMart PACK-5226,Packaging,405.81,258.35,2024-05-02
5227,NovaMart CLEA-5227,Cleanroom Consumables,174.11,126.65,2022-02-17
5228,NovaMart CLEA-5228,Cleanroom Consumables,213.3,134.15,2025-07-06
5229,NovaMart INDU-5229,Industrial Supplies,501.31,354.31,2022-05-15
5230,NovaMart PACK-5230,Packaging,308.63,187.83,2023-11-01
5231,NovaMart FACI-5231,Facility MRO,474.51,338.01,2021-07-24
5232,NovaMart FACI-5232,Facility MRO,152.27,107.94,2025-01-13
5233,NovaMart INDU-5233,Industrial Supplies,78.22,50.06,2025-07-24
5234,NovaMart PACK-5234,Packaging,228.33,147.13,2024-02-23
5235,NovaMart CLEA-5235,Cleanroom Consumables,16.1,12.54,2021-03-18
5236,NovaMart SAFE-5236,Safety Equipment,375.81,244.78,2023-10-10
5237,NovaMart PACK-5237,Packaging,228.68,143.13,2024-02-14
5238,NovaMart PACK-5238,Packaging,170.41,129.19,2025-07-08
5239,NovaMart INDU-5239,Industrial Supplies,278.75,212.19,2025-04-27
5240,NovaMart FACI-5240,Facility MRO,486.38,334.83,2021-06-21
5241,NovaMart FACI-5241,Facility MRO,329.31,255.25,2024-12-11
5242,NovaMart INDU-5242,Industrial Supplies,129.51,98.84,2024-07-14
5243,NovaMart PACK-5243,Packaging,188.94,130.23,2022-05-06
5244,NovaMart FACI-5244,Facility MRO,406.87,308.94,2022-09-16
5245,NovaMart FACI-5245,Facility MRO,506.49,337.39,2022-03-09
5246,NovaMart PACK-5246,Packaging,382.39,302.61,2025-07-15
5247,NovaMart PACK-5247,Packaging,201.51,147.38,2025-08-11
5248,NovaMart FACI-5248,Facility MRO,345.37,224.49,2024-03-29
5249,NovaMart SAFE-5249,Safety Equipment,88.95,69.41,2021-03-05
5250,NovaMart SAFE-5250,Safety Equipment,334.7,234.35,2023-08-25
5251,NovaMart PACK-5251,Packaging,105.29,65.0,2025-03-22
5252,NovaMart CLEA-5252,Cleanroom Consumables,100.74,74.52,2024-08-06
5253,NovaMart FACI-5253,Facility MRO,217.04,146.17,2022-06-25
5254,NovaMart INDU-5254,Industrial Supplies,254.3,195.72,2024-08-31
5255,NovaMart SAFE-5255,Safety Equipment,300.63,222.2,2023-09-06
5256,NovaMart FACI-5256,Facility MRO,409.61,258.28,2025-08-29
5257,NovaMart INDU-5257,Industrial Supplies,361.06,219.31,2023-11-17
5258,NovaMart SAFE-5258,Safety Equipment,163.8,125.1,2021-12-30
5259,NovaMart SAFE-5259,Safety Equipment,363.98,233.51,2021-10-10
5260,NovaMart SAFE-5260,Safety Equipment,100.86,71.63,2022-01-11
5261,NovaMart PACK-5261,Packaging,153.14,97.18,2023-06-10
5262,NovaMart CLEA-5262,Cleanroom Consumables,522.79,321.82,2023-08-05
5263,NovaMart FACI-5263,Facility MRO,65.3,39.75,2023-06-19
5264,NovaMart SAFE-5264,Safety Equipment,38.34,26.78,2025-03-10
5265,NovaMart FACI-5265,Facility MRO,211.54,133.37,2024-07-10
5266,NovaMart FACI-5266,Facility MRO,41.38,28.13,2021-07-25
5267,NovaMart FACI-5267,Facility MRO,407.95,289.91,2024-11-13
5268,NovaMart INDU-5268,Industrial Supplies,432.0,270.16,2024-07-26
5269,NovaMart FACI-5269,Facility MRO,141.18,95.82,2024-12-18
5270,NovaMart INDU-5270,Industrial Supplies,42.22,29.0,2022-01-26
5271,NovaMart FACI-5271,Facility MRO,387.95,243.45,2024-12-27
5272,NovaMart INDU-5272,Industrial Supplies,509.05,330.49,2023-02-01
5273,NovaMart FACI-5273,Facility MRO,225.29,177.94,2023-11-17
5274,NovaMart INDU-5274,Industrial Supplies,288.22,194.41,2024-09-03
5275,NovaMart CLEA-5275,Cleanroom Consumables,140.32,87.01,2022-02-04
5276,NovaMart FACI-5276,Facility MRO,106.43,83.35,2023-06-12
5277,NovaMart FACI-5277,Facility MRO,336.03,223.89,2022-12-13
5278,NovaMart FACI-5278,Facility MRO,48.61,34.11,2024-05-04
5279,NovaMart PACK-5279,Packaging,274.21,197.71,2021-04-19
5280,NovaMart SAFE-5280,Safety Equipment,516.02,341.79,2022-09-26
5281,NovaMart INDU-5281,Industrial Supplies,162.65,102.03,2023-08-20
5282,NovaMart INDU-5282,Industrial Supplies,77.52,58.12,2025-01-24
5283,NovaMart FACI-5283,Facility MRO,30.93,21.79,2023-06-22
5284,NovaMart SAFE-5284,Safety Equipment,420.45,290.07,2024-03-17
5285,NovaMart FACI-5285,Facility MRO,145.22,103.21,2024-05-03
5286,NovaMart CLEA-5286,Cleanroom Consumables,529.87,324.37,2023-03-03
5287,NovaMart FACI-5287,Facility MRO,59.71,44.53,2024-08-29
5288,NovaMart FACI-5288,Facility MRO,324.33,243.68,2024-06-11
5289,NovaMart CLEA-5289,Cleanroom Consumables,291.76,181.15,2022-04-29
5290,NovaMart SAFE-5290,Safety Equipment,196.39,125.12,2021-05-11
5291,NovaMart SAFE-5291,Safety Equipment,370.23,260.96,2024-10-14
5292,NovaMart PACK-5292,Packaging,210.72,137.61,2022-03-06
5293,NovaMart CLEA-5293,Cleanroom Consumables,496.28,323.48,2023-07-18
5294,NovaMart FACI-5294,Facility MRO,199.62,122.58,2024-11-29
5295,NovaMart SAFE-5295,Safety Equipment,561.02,350.74,2024-03-26
5296,NovaMart CLEA-5296,Cleanroom Consumables,425.98,295.97,2025-08-27
5297,NovaMart PACK-5297,Packaging,431.41,314.99,2022-11-17
5298,NovaMart CLEA-5298,Cleanroom Consumables,64.88,48.42,2022-07-08
5299,NovaMart FACI-5299,Facility MRO,478.02,374.77,2021-08-05
5300,NovaMart INDU-5300,Industrial Supplies,600.81,373.06,2024-02-28
5301,NovaMart FACI-5301,Facility MRO,215.61,146.68,2024-09-13
5302,NovaMart SAFE-5302,Safety Equipment,148.71,111.5,2023-01-18
5303,NovaMart FACI-5303,Facility MRO,379.91,250.84,2025-01-04
5304,NovaMart FACI-5304,Facility MRO,374.19,253.26,2021-07-07
5305,NovaMart FACI-5305,Facility MRO,464.74,296.51,2021-09-18
5306,NovaMart SAFE-5306,Safety Equipment,108.16,70.31,2022-08-13
5307,NovaMart SAFE-5307,Safety Equipment,397.44,240.92,2024-08-02
5308,NovaMart PACK-5308,Packaging,301.96,199.26,2023-09-16
5309,NovaMart FACI-5309,Facility MRO,79.19,52.94,2023-04-01
5310,NovaMart PACK-5310,Packaging,410.11,274.0,2024-11-07
5311,NovaMart PACK-5311,Packaging,250.97,163.77,2023-01-31
5312,NovaMart INDU-5312,Industrial Supplies,160.06,123.95,2021-10-15
5313,NovaMart FACI-5313,Facility MRO,410.87,294.28,2022-10-25
5314,NovaMart CLEA-5314,Cleanroom Consumables,32.47,22.0,2022-05-26
5315,NovaMart CLEA-5315,Cleanroom Consumables,77.86,51.83,2024-03-22
5316,NovaMart SAFE-5316,Safety Equipment,275.74,217.04,2024-11-16
5317,NovaMart PACK-5317,Packaging,319.34,234.56,2021-03-17
5318,NovaMart INDU-5318,Industrial Supplies,484.51,297.87,2023-06-18
5319,NovaMart INDU-5319,Industrial Supplies,375.58,292.47,2024-12-22
5320,NovaMart FACI-5320,Facility MRO,140.63,95.36,2023-07-03
5321,NovaMart CLEA-5321,Cleanroom Consumables,239.11,148.85,2024-05-30
5322,NovaMart INDU-5322,Industrial Supplies,88.55,69.01,2022-04-09
5323,NovaMart INDU-5323,Industrial Supplies,517.46,379.2,2025-07-05
5324,NovaMart SAFE-5324,Safety Equipment,467.54,294.48,2022-04-29
5325,NovaMart INDU-5325,Industrial Supplies,97.05,62.29,2023-04-12
5326,NovaMart CLEA-5326,Cleanroom Consumables,200.43,127.26,2022-02-27
5327,NovaMart CLEA-5327,Cleanroom Consumables,100.3,72.22,2024-03-08
5328,NovaMart PACK-5328,Packaging,319.25,199.37,2024-12-14
5329,NovaMart FACI-5329,Facility MRO,255.84,193.19,2024-02-18
5330,NovaMart PACK-5330,Packaging,242.94,169.79,2022-06-23
5331,NovaMart CLEA-5331,Cleanroom Consumables,102.5,65.59,2023-02-25
5332,NovaMart INDU-5332,Industrial Supplies,434.99,341.05,2021-10-28
5333,NovaMart FACI-5333,Facility MRO,23.34,15.53,2022-12-28
5334,NovaMart SAFE-5334,Safety Equipment,247.88,171.57,2021-11-27
5335,NovaMart CLEA-5335,Cleanroom Consumables,219.07,135.8,2023-04-21
5336,NovaMart FACI-5336,Facility MRO,362.21,244.6,2023-12-02
5337,NovaMart INDU-5337,Industrial Supplies,117.04,88.93,2022-07-18
5338,NovaMart FACI-5338,Facility MRO,464.27,299.03,2021-06-08
5339,NovaMart PACK-5339,Packaging,233.75,148.5,2022-02-23
5340,NovaMart PACK-5340,Packaging,150.13,94.34,2024-01-03
5341,NovaMart FACI-5341,Facility MRO,281.07,195.58,2025-03-23
5342,NovaMart SAFE-5342,Safety Equipment,146.14,103.18,2025-08-10
5343,NovaMart INDU-5343,Industrial Supplies,164.53,107.68,2023-09-01
5344,NovaMart FACI-5344,Facility MRO,526.53,319.35,2022-02-17
5345,NovaMart SAFE-5345,Safety Equipment,41.62,29.85,2021-03-11
5346,NovaMart SAFE-5346,Safety Equipment,424.85,292.79,2025-04-12
5347,NovaMart SAFE-5347,Safety Equipment,153.67,105.83,2023-06-19
5348,NovaMart PACK-5348,Packaging,448.73,351.32,2022-02-17
5349,NovaMart CLEA-5349,Cleanroom Consumables,539.79,335.61,2024-07-05
5350,NovaMart FACI-5350,Facility MRO,94.56,71.11,2025-05-25
5351,NovaMart PACK-5351,Packaging,235.42,168.07,2025-04-04
5352,NovaMart FACI-5352,Facility MRO,503.37,324.23,2025-01-22
5353,NovaMart SAFE-5353,Safety Equipment,531.24,346.82,2023-12-10
5354,NovaMart SAFE-5354,Safety Equipment,362.94,226.19,2022-01-16
5355,NovaMart CLEA-5355,Cleanroom Consumables,420.91,303.82,2025-04-19
5356,NovaMart CLEA-5356,Cleanroom Consumables,123.07,83.0,2022-06-05
5357,NovaMart CLEA-5357,Cleanroom Consumables,303.77,235.62,2025-02-22
5358,NovaMart FACI-5358,Facility MRO,174.33,135.6,2022-09-27
5359,NovaMart INDU-5359,Industrial Supplies,262.6,162.8,2024-11-26
5360,NovaMart INDU-5360,Industrial Supplies,329.15,253.84,2022-04-06
5361,NovaMart PACK-5361,Packaging,334.07,246.44,2022-09-03
5362,NovaMart SAFE-5362,Safety Equipment,356.28,233.24,2021-02-19
5363,NovaMart CLEA-5363,Cleanroom Consumables,173.44,137.35,2023-09-08
5364,NovaMart FACI-5364,Facility MRO,411.52,314.99,2022-03-19
5365,NovaMart INDU-5365,Industrial Supplies,48.93,38.8,2021-08-19
5366,NovaMart FACI-5366,Facility MRO,336.43,224.21,2023-11-24
5367,NovaMart PACK-5367,Packaging,276.94,175.53,2022-10-08
5368,NovaMart PACK-5368,Packaging,333.58,230.0,2024-01-24
5369,NovaMart FACI-5369,Facility MRO,510.7,357.07,2025-02-18
5370,NovaMart SAFE-5370,Safety Equipment,403.48,276.85,2025-01-08
5371,NovaMart INDU-5371,Industrial Supplies,186.3,135.68,2025-04-25
5372,NovaMart CLEA-5372,Cleanroom Consumables,196.47,122.35,2022-08-07
5373,NovaMart CLEA-5373,Cleanroom Consumables,40.92,25.82,2023-02-13
5374,NovaMart PACK-5374,Packaging,105.89,76.77,2023-12-20
5375,NovaMart CLEA-5375,Cleanroom Consumables,87.23,53.05,2021-08-10
5376,NovaMart FACI-5376,Facility MRO,83.39,52.97,2024-09-08
5377,NovaMart SAFE-5377,Safety Equipment,277.45,169.6,2022-02-01
5378,NovaMart CLEA-5378,Cleanroom Consumables,66.47,44.38,2022-06-09
5379,NovaMart FACI-5379,Facility MRO,108.51,80.75,2023-09-04
5380,NovaMart SAFE-5380,Safety Equipment,366.54,240.17,2021-07-11
5381,NovaMart CLEA-5381,Cleanroom Consumables,388.99,299.33,2025-08-26
5382,NovaMart FACI-5382,Facility MRO,372.74,244.4,2022-08-18
5383,NovaMart CLEA-5383,Cleanroom Consumables,66.07,41.11,2024-01-03
5384,NovaMart PACK-5384,Packaging,311.04,225.54,2025-04-08
5385,NovaMart PACK-5385,Packaging,469.47,368.74,2025-01-17
5386,NovaMart FACI-5386,Facility MRO,102.58,79.55,2025-03-14
5387,NovaMart PACK-5387,Packaging,252.53,163.73,2023-04-23
5388,NovaMart CLEA-5388,Cleanroom Consumables,63.75,39.0,2022-11-25
5389,NovaMart FACI-5389,Facility MRO,382.07,262.27,2024-04-09
5390,NovaMart INDU-5390,Industrial Supplies,503.7,363.03,2024-02-29
5391,NovaMart CLEA-5391,Cleanroom Consumables,431.94,276.21,2021-11-03
5392,NovaMart FACI-5392,Facility MRO,439.52,274.09,2021-02-12
5393,NovaMart CLEA-5393,Cleanroom Consumables,21.22,15.64,2025-08-08
5394,NovaMart PACK-5394,Packaging,120.75,73.61,2021-12-19
5395,NovaMart INDU-5395,Industrial Supplies,400.5,289.63,2023-09-12
5396,NovaMart INDU-5396,Industrial Supplies,399.35,291.29,2025-03-12
5397,NovaMart PACK-5397,Packaging,88.1,54.85,2023-10-30
5398,NovaMart CLEA-5398,Cleanroom Consumables,445.81,290.9,2022-05-27
5399,NovaMart PACK-5399,Packaging,278.7,211.14,2023-09-06
5400,NovaMart CLEA-5400,Cleanroom Consumables,67.15,44.76,2023-09-18
5401,NovaMart SAFE-5401,Safety Equipment,345.1,258.08,2021-08-25
5402,NovaMart PACK-5402,Packaging,510.48,355.36,2021-05-26
5403,NovaMart FACI-5403,Facility MRO,424.02,289.73,2025-09-19
5404,NovaMart INDU-5404,Industrial Supplies,108.49,71.4,2025-06-20
5405,NovaMart INDU-5405,Industrial Supplies,367.41,229.45,2022-06-27
5406,NovaMart FACI-5406,Facility MRO,314.91,245.3,2024-02-24
5407,NovaMart PACK-5407,Packaging,454.92,322.43,2021-07-26
5408,NovaMart CLEA-5408,Cleanroom Consumables,328.19,216.34,2022-07-18
5409,NovaMart CLEA-5409,Cleanroom Consumables,296.62,216.98,2025-06-10
5410,NovaMart SAFE-5410,Safety Equipment,368.01,292.11,2023-11-16
5411,NovaMart INDU-5411,Industrial Supplies,458.66,300.94,2022-03-08
5412,NovaMart SAFE-5412,Safety Equipment,345.45,260.55,2025-08-28
5413,NovaMart PACK-5413,Packaging,250.59,199.01,2022-04-04
5414,NovaMart INDU-5414,Industrial Supplies,384.98,286.3,2025-05-13
5415,NovaMart PACK-5415,Packaging,40.43,30.36,2022-07-07
5416,NovaMart INDU-5416,Industrial Supplies,365.51,282.76,2022-02-14
5417,NovaMart FACI-5417,Facility MRO,50.11,39.38,2025-07-18
5418,NovaMart INDU-5418,Industrial Supplies,103.21,63.23,2024-04-12
5419,NovaMart PACK-5419,Packaging,412.01,299.51,2021-11-24
5420,NovaMart PACK-5420,Packaging,273.08,180.39,2022-08-04
5421,NovaMart INDU-5421,Industrial Supplies,390.34,281.82,2025-03-04
5422,NovaMart SAFE-5422,Safety Equipment,490.65,343.72,2025-07-12
5423,NovaMart CLEA-5423,Cleanroom Consumables,138.82,95.11,2022-10-25
5424,NovaMart CLEA-5424,Cleanroom Consumables,169.93,135.46,2023-06-04
5425,NovaMart CLEA-5425,Cleanroom Consumables,131.97,91.89,2022-06-27
5426,NovaMart PACK-5426,Packaging,137.19,90.55,2021-08-09
5427,NovaMart SAFE-5427,Safety Equipment,113.56,81.27,2023-05-25
5428,NovaMart PACK-5428,Packaging,495.88,337.94,2025-02-12
5429,NovaMart FACI-5429,Facility MRO,457.18,330.04,2025-09-13
5430,NovaMart PACK-5430,Packaging,560.5,348.29,2021-06-11
5431,NovaMart SAFE-5431,Safety Equipment,148.21,117.46,2025-02-10
5432,NovaMart FACI-5432,Facility MRO,453.24,317.98,2025-06-20
5433,NovaMart PACK-5433,Packaging,318.12,198.83,2024-09-20
5434,NovaMart FACI-5434,Facility MRO,262.16,164.76,2025-04-04
5435,NovaMart CLEA-5435,Cleanroom Consumables,290.96,193.6,2022-11-13
5436,NovaMart PACK-5436,Packaging,330.26,260.77,2021-05-20
5437,NovaMart FACI-5437,Facility MRO,184.68,118.7,2025-08-03
5438,NovaMart FACI-5438,Facility MRO,287.65,186.74,2023-05-03
5439,NovaMart PACK-5439,Packaging,97.81,68.82,2025-02-07
5440,NovaMart INDU-5440,Industrial Supplies,71.85,46.75,2022-03-15
5441,NovaMart PACK-5441,Packaging,113.98,79.18,2021-03-07
5442,NovaMart SAFE-5442,Safety Equipment,471.29,292.89,2025-09-03
5443,NovaMart INDU-5443,Industrial Supplies,237.93,156.87,2025-01-02
5444,NovaMart INDU-5444,Industrial Supplies,314.88,232.36,2021-07-22
5445,NovaMart INDU-5445,Industrial Supplies,267.5,170.67,2023-09-27
5446,NovaMart INDU-5446,Industrial Supplies,200.2,140.36,2021-06-15
5447,NovaMart INDU-5447,Industrial Supplies,612.33,379.61,2023-03-06
5448,NovaMart FACI-5448,Facility MRO,51.59,35.06,2021-09-14
5449,NovaMart CLEA-5449,Cleanroom Consumables,464.16,337.34,2023-08-27
5450,NovaMart FACI-5450,Facility MRO,158.42,119.81,2022-05-04
5451,NovaMart SAFE-5451,Safety Equipment,358.85,249.19,2024-06-22
5452,NovaMart CLEA-5452,Cleanroom Consumables,61.23,48.26,2022-01-21
5453,NovaMart CLEA-5453,Cleanroom Consumables,99.14,62.36,2022-10-25
5454,NovaMart FACI-5454,Facility MRO,59.84,40.43,2023-10-13
5455,NovaMart INDU-5455,Industrial Supplies,235.17,147.98,2021-12-26
5456,NovaMart PACK-5456,Packaging,53.0,38.84,2024-05-20
5457,NovaMart SAFE-5457,Safety Equipment,387.66,258.65,2021-06-16
5458,NovaMart SAFE-5458,Safety Equipment,399.29,279.05,2025-01-18
5459,NovaMart CLEA-5459,Cleanroom Consumables,421.26,257.45,2022-03-22
5460,NovaMart FACI-5460,Facility MRO,162.64,114.06,2024-12-27
5461,NovaMart SAFE-5461,Safety Equipment,352.88,260.74,2022-11-01
5462,NovaMart FACI-5462,Facility MRO,299.69,234.95,2023-07-22
5463,NovaMart FACI-5463,Facility MRO,460.93,291.78,2025-01-04
5464,NovaMart INDU-5464,Industrial Supplies,86.82,58.65,2025-01-28
5465,NovaMart SAFE-5465,Safety Equipment,423.66,270.32,2025-01-07
5466,NovaMart CLEA-5466,Cleanroom Consumables,297.17,222.78,2024-05-13
5467,NovaMart INDU-5467,Industrial Supplies,52.76,32.31,2022-02-20
5468,NovaMart FACI-5468,Facility MRO,300.17,200.23,2025-04-25
5469,NovaMart PACK-5469,Packaging,271.81,168.46,2021-09-21
5470,NovaMart CLEA-5470,Cleanroom Consumables,21.69,14.67,2023-09-23
5471,NovaMart CLEA-5471,Cleanroom Consumables,567.01,378.85,2022-06-28
5472,NovaMart FACI-5472,Facility MRO,509.77,326.21,2021-07-05
5473,NovaMart PACK-5473,Packaging,386.77,308.41,2021-05-31
5474,NovaMart SAFE-5474,Safety Equipment,277.58,183.97,2024-02-04
5475,NovaMart FACI-5475,Facility MRO,56.29,36.25,2025-03-30
5476,NovaMart CLEA-5476,Cleanroom Consumables,403.95,321.57,2025-02-06
5477,NovaMart SAFE-5477,Safety Equipment,571.0,351.86,2022-07-13
5478,NovaMart SAFE-5478,Safety Equipment,85.73,57.96,2022-10-10
5479,NovaMart CLEA-5479,Cleanroom Consumables,85.95,64.47,2024-07-17
5480,NovaMart FACI-5480,Facility MRO,251.32,169.03,2024-08-01
5481,NovaMart FACI-5481,Facility MRO,416.79,326.57,2022-07-25
5482,NovaMart INDU-5482,Industrial Supplies,381.8,272.24,2024-10-05
5483,NovaMart PACK-5483,Packaging,240.14,190.16,2023-09-22
5484,NovaMart SAFE-5484,Safety Equipment,592.38,364.68,2025-07-29
5485,NovaMart FACI-5485,Facility MRO,93.34,66.72,2023-06-21
5486,NovaMart PACK-5486,Packaging,374.02,231.13,2025-03-13
5487,NovaMart SAFE-5487,Safety Equipment,467.92,339.53,2021-07-24
5488,NovaMart PACK-5488,Packaging,268.31,204.9,2021-12-11
5489,NovaMart FACI-5489,Facility MRO,62.06,39.39,2021-08-11
5490,NovaMart SAFE-5490,Safety Equipment,172.15,131.14,2021-10-14
5491,NovaMart INDU-5491,Industrial Supplies,236.34,153.4,2024-04-30
5492,NovaMart PACK-5492,Packaging,142.33,106.17,2024-10-30
5493,NovaMart CLEA-5493,Cleanroom Consumables,113.5,84.61,2022-05-28
5494,NovaMart PACK-5494,Packaging,237.59,158.21,2024-07-04
5495,NovaMart CLEA-5495,Cleanroom Consumables,204.5,130.46,2022-03-31
5496,NovaMart PACK-5496,Packaging,520.52,344.3,2024-06-19
5497,NovaMart PACK-5497,Packaging,529.28,348.66,2023-05-15
5498,NovaMart SAFE-5498,Safety Equipment,408.07,295.37,2023-07-01
5499,NovaMart PACK-5499,Packaging,313.08,223.86,2025-06-25
5500,NovaMart CLEA-5500,Cleanroom Consumables,231.55,168.6,2025-05-12
